,Kinase,Target,Accession,Location,Chromosome,Start,End,Phosphosite position
0,HRI,eIF2-alpha,P05198,281,14,67383333,67383335,23182
1,HRI,eIF2-alpha,P05198,158,14,67376589,67380659,16438
2,HRI,eIF2-alpha,P05198,279,14,67383327,67383329,23176
3,HRI,eIF2-alpha,P05198,49,14,67364912,67364914,4761
4,HRI,eIF2-alpha,P05198,52,14,67364921,67364923,4770
5,PKCD,HDAC5,Q9UQL6,1108,17,44078507,44078505,45195
6,PKCD,HDAC5,Q9UQL6,292,17,44092426,44092424,31276
7,PKCD,HDAC5,Q9UQL6,498,17,44088494,44088492,35208
8,PKCD,HDAC5,Q9UQL6,611,17,44087465,44087463,36237
9,PKCD,HDAC5,Q9UQL6,661,17,44086641,44086639,37061
10,PKCD,HDAC5,Q9UQL6,259,17,44092525,44092523,31177
11,PKCD,PTPRA iso2,P18433,798,20,3038116,3038118,173932
12,PKCD,PTPRA iso2,P18433,213,20,2988373,2988375,124189
13,PKCD,PTPRA iso2,P18433,732,20,3035937,3035939,171753
14,PKCD,PTPRA iso2,P18433,211,20,2988367,2988369,124183
15,PKCD,PTPRA iso2,P18433,442,20,3022216,3022218,158032
16,PKCD,hnRNP K,P61978,284,9,83971985,83971983,8631
17,PKCD,hnRNP K,P61978,216,9,83972189,83972187,8427
18,PKCD,hnRNP K,P61978,116,9,83973958,83973956,6658
19,PKCD,hnRNP K,P61978,39,9,83977730,83977728,2886
20,PKCD,hnRNP K,P61978,379,9,83970793,83970791,9823
21,PKCD,hnRNP K,P61978,420,9,83970265,83970263,10351
22,PKCD,hnRNP K,P61978,75,9,83975496,83975494,5120
23,PKCD,hnRNP K,P61978,36,9,83977739,83977737,2877
24,PKCD,hnRNP K,P61978,214,9,83972849,83972847,7767
25,PKCD,hnRNP K,P61978,380,9,83970790,83970788,9826
26,PKCD,BVR,P53004,174,7,43803735,43803737,45055
27,PKCD,BVR,P53004,230,7,43807032,43807034,48352
28,PKCD,BVR,P53004,178,7,43803747,43803749,45067
29,PKCD,ADD1,P35611,427,4,2904881,2904883,61024
30,PKCD,ADD1,P35611,714,4,2928449,2928451,84592
31,PKCD,ADD1,P35611,331,4,2899265,2899267,55408
32,PKCD,ADD1,P35611,429,4,2904887,2904889,61030
33,PKCD,ADD1,P35611,678,4,2928341,2928343,84484
34,PKCD,ADD1,P35611,614,4,2926091,2926093,82234
35,PKCD,ADD1,P35611,600,4,2926049,2926051,82192
36,PKCD,ADD1,P35611,707,4,2928428,2928430,84571
37,PKCD,ADD1,P35611,408,4,2904824,2904826,60967
38,PKCD,ADD1,P35611,353,4,2899331,2899333,55474
39,PKCD,ADD1,P35611,355,4,2899337,2899339,55480
40,PKCD,ADD1,P35611,64,4,2876105,2876107,32248
41,PKCD,ADD1,P35611,464,4,2904992,2904994,61135
42,PKCD,ADD1,P35611,481,4,2907770,2907772,63913
43,PKCD,ADD1,P35611,358,4,2899346,2899348,55489
44,PKCD,ADD1,P35611,726,4,2928485,2928487,84628
45,PKCD,ADD1,P35611,334,4,2899274,2899276,55417
46,PKCD,ADD1,P35611,12,4,2875949,2875951,32092
47,PKCD,ADD1,P35611,445,4,2904935,2904937,61078
48,PKCD,ADD1,P35611,716,4,2928455,2928457,84598
49,PKCD,ADD1,P35611,480,4,2907767,2907769,63910
50,PKCD,ADD1,P35611,59,4,2876090,2876092,32233
51,PKCD,ADD1,P35611,436,4,2904908,2904910,61051
52,PKCD,ADD1,P35611,613,4,2926088,2926090,82231
53,PKCD,ADD1,P35611,710,4,2928437,2928439,84580
54,PKCD,ADD1,P35611,431,4,2904893,2904895,61036
55,PKCD,ADD1,P35611,366,4,2899370,2899372,55513
56,PKCD,ADD1,P35611,465,4,2904995,2904997,61138
57,PKCD,ADD1,P35611,586,4,2915034,2915036,71177
