Kinase accession,Target,Target accession,Location,Chromosome,Start,End,Phosphosite position
Q9BQI3,,P05198,281,14,67383333,67383335,23182
Q9BQI3,,P05198,158,14,67376589,67380659,16438
Q9BQI3,,P05198,279,14,67383327,67383329,23176
Q9BQI3,,P05198,49,14,67364912,67364914,4761
Q9BQI3,,P05198,52,14,67364921,67364923,4770
Q05655,,Q9UQL6,1108,17,44078507,44078505,45195
Q05655,,Q9UQL6,292,17,44092426,44092424,31276
Q05655,,Q9UQL6,498,17,44088494,44088492,35208
Q05655,,Q9UQL6,611,17,44087465,44087463,36237
Q05655,,Q9UQL6,661,17,44086641,44086639,37061
Q05655,,Q9UQL6,259,17,44092525,44092523,31177
Q05655,,P18433,798,20,3038116,3038118,173932
Q05655,,P18433,213,20,2988373,2988375,124189
Q05655,,P18433,732,20,3035937,3035939,171753
Q05655,,P18433,211,20,2988367,2988369,124183
Q05655,,P18433,442,20,3022216,3022218,158032
Q05655,,P61978,284,9,83971985,83971983,8631
Q05655,,P61978,216,9,83972189,83972187,8427
Q05655,,P61978,116,9,83973958,83973956,6658
Q05655,,P61978,39,9,83977730,83977728,2886
Q05655,,P61978,379,9,83970793,83970791,9823
Q05655,,P61978,420,9,83970265,83970263,10351
Q05655,,P61978,75,9,83975496,83975494,5120
Q05655,,P61978,36,9,83977739,83977737,2877
Q05655,,P61978,214,9,83972849,83972847,7767
Q05655,,P61978,380,9,83970790,83970788,9826
Q05655,,P53004,174,7,43803735,43803737,45055
Q05655,,P53004,230,7,43807032,43807034,48352
Q05655,,P53004,178,7,43803747,43803749,45067
Q05655,,P35611,427,4,2904881,2904883,61024
Q05655,,P35611,714,4,2928449,2928451,84592
Q05655,,P35611,331,4,2899265,2899267,55408
Q05655,,P35611,429,4,2904887,2904889,61030
Q05655,,P35611,678,4,2928341,2928343,84484
Q05655,,P35611,614,4,2926091,2926093,82234
Q05655,,P35611,600,4,2926049,2926051,82192
Q05655,,P35611,707,4,2928428,2928430,84571
Q05655,,P35611,408,4,2904824,2904826,60967
Q05655,,P35611,353,4,2899331,2899333,55474
Q05655,,P35611,355,4,2899337,2899339,55480
Q05655,,P35611,64,4,2876105,2876107,32248
Q05655,,P35611,464,4,2904992,2904994,61135
Q05655,,P35611,481,4,2907770,2907772,63913
Q05655,,P35611,358,4,2899346,2899348,55489
Q05655,,P35611,726,4,2928485,2928487,84628
Q05655,,P35611,334,4,2899274,2899276,55417
Q05655,,P35611,12,4,2875949,2875951,32092
Q05655,,P35611,445,4,2904935,2904937,61078
Q05655,,P35611,716,4,2928455,2928457,84598
Q05655,,P35611,480,4,2907767,2907769,63910
Q05655,,P35611,59,4,2876090,2876092,32233
Q05655,,P35611,436,4,2904908,2904910,61051
Q05655,,P35611,613,4,2926088,2926090,82231
Q05655,,P35611,710,4,2928437,2928439,84580
Q05655,,P35611,431,4,2904893,2904895,61036
Q05655,,P35611,366,4,2899370,2899372,55513
Q05655,,P35611,465,4,2904995,2904997,61138
Q05655,,P35611,586,4,2915034,2915036,71177
